List ID,street,,latitude,longitude,List Date,Sold date,Listing price,Beds,sqft,Parking,Agent,DOM
424020850,37 Naglee Ave,,37.711839,-122.44674,03-04-2024,15-05-2024,899000,4,1710,,Maggie Wu,42
424013557,1365 Scott St,,37.782414,-122.437861,08-03-2024,15-05-2024,828000,2,1011,1,Kirk Dahle,68
424011568,1024 Pacheco St,,37.752257,-122.471201,03-03-2024,15-05-2024,2495000,4,2524,1,Brandon Chen,73
424004516,1470 Van Dyke Ave,,37.727953,-122.389746,01-04-2024,15-05-2024,799000,2,1000,1,Molli Milner,44
424024929,181 Seal Rock Dr,,37.780456,-122.509337,17-04-2024,15-05-2024,988000,2,975,1,Yelena D. Kazantseva,28
424013497,333 1st St,,37.787031,-122.393642,12-04-2024,14-05-2024,799000,1,713,,Catherine Abalos,32
424002425,150 Westgate Dr,,37.72916,-122.464749,14-01-2024,15-05-2024,2198000,3,1920,,Paul Andreini,122
424024312,95 Saturn St,,37.762461,-122.442874,18-04-2024,15-05-2024,1150000,3,,,Becky Cusack,27
424014375,960 Market St,,37.783081,-122.409968,08-03-2024,14-05-2024,650000,1,616,,Mark Friedberg,67
424005243,631 Ofarrell St,,37.78524,-122.41512,01-02-2024,15-05-2024,298000,0,520,,Matthew Woebcke,104
424023350,950 Tennessee St,,37.759748,-122.389882,12-04-2024,14-05-2024,1375000,2,1143,,Bradley Joe,32
423927483,1607 30th Ave,,37.757189,-122.48872,15-02-2024,14-05-2024,1599000,4,2225,,Thuan Han DuongÂ®,89
423732690,1788 Clay St,,37.79257,-122.42225,04-03-2024,15-05-2024,1450000,2,,,Janet Feinberg Schindler,72
424018884,20 Joice St,,37.791541,-122.408092,12-04-2024,14-05-2024,1150000,3,2664,,Kevin Wong,32
424010645,1488 Fulton St,,37.776646,-122.441266,23-02-2024,14-05-2024,3200000,13,8700,,Adam D. Filly,81
424021879,950 Tennessee St,,37.759748,-122.389882,07-04-2024,15-05-2024,1189000,2,1077,,Bradley Joe,38
424023453,151 Ashbury St,,37.774186,-122.447855,12-04-2024,15-05-2024,570000,1,,1,Becky Layton,33
424005793,1500 Francisco St,,37.802711,-122.430168,15-02-2024,15-05-2024,799000,1,760,,Monica Pauli,90
424025137,469 Ulloa St,,37.74082,-122.458953,18-04-2024,14-05-2024,1795000,3,2249,2,Paul Barbagelata,26
424022703,1674 40th Ave,,37.755617,-122.498809,10-04-2024,15-05-2024,1095000,2,1150,,Jason Chan,35
424023287,901 Bush St,,37.789522,-122.412277,16-04-2024,15-05-2024,625000,2,,,Rochelle Vandermerwe,29
423924956,260 King St,,37.777642,-122.393418,17-01-2024,14-05-2024,479000,0,618,,Brandea Ma-lee Bunnag,118
424018296,41 Clairview Ct,,37.754623,-122.4505,23-03-2024,14-05-2024,1499000,3,1500,2,Kenneth Hagan,52
ML81961331,1926 Funston Ave,,37.752141,-122.469416,15-04-2024,14-05-2024,2350000,3,2042,1,Karla Illenberger,29
424025738,279 Maynard St,,37.729708,-122.424274,19-04-2024,14-05-2024,930000,2,1125,,Rick Barrelier,25
41056067,324 Holyoke St,,37.727093,-122.409179,15-04-2024,14-05-2024,1260000,3,1600,1,Jose Contreras,29
424019264,1501 8th Ave,,37.760147,-122.465149,28-03-2024,13-05-2024,975000,1,903,,Rhanda Salma,46
424026515,311 Shotwell St,,37.763118,-122.415872,14-05-2024,14-05-2024,1195000,2,1250,,Lisa Thompson,0
424028368,600 Arkansas St,,37.75858,-122.398401,07-05-2024,14-05-2024,2295000,3,,,David Cohen,7
424017522,1754 Revere Ave,,37.733399,-122.392683,05-04-2024,14-05-2024,800000,2,1144,,Kelly Quon,39
424019826,609 Paris St,,37.718932,-122.436671,19-04-2024,13-05-2024,788000,2,737,,Meryl Bennan,24
424022700,2359 15th Ave,,37.743973,-122.471693,10-04-2024,13-05-2024,1195000,3,1450,,Jason Chan,33
423923751,2151 Jackson St,,37.792727,-122.430398,06-02-2024,14-05-2024,2950000,3,2387,,Janet Feinberg Schindler,98
424024931,12 Auburn St,,37.795552,-122.412304,18-04-2024,14-05-2024,899000,2,,,Faye Dibachi,26
424016102,950 Tennessee St,,37.759748,-122.389882,15-03-2024,14-05-2024,1349000,2,1223,,Bradley Joe,60
424024653,1144 Lake St,,37.786558,-122.471889,17-04-2024,14-05-2024,2999995,5,4430,3,Gael Bruno,27
424010327,148 Blake St,,37.781278,-122.450661,22-02-2024,13-05-2024,1495000,3,1760,,C.M. Foo,81
424011094,2225 Vicente St,,37.738405,-122.49093,26-02-2024,14-05-2024,1750000,9,2263,4,Dan McGue,78
424011648,742 Hayes St,,37.776416,-122.428701,22-03-2024,13-05-2024,1995000,4,2960,,Nina Hatvany,52
424024915,74 Granada Ave,,37.719571,-122.45684,19-04-2024,13-05-2024,1050000,2,1289,1,Cynthia Cummins,24
423925212,960 Market St,,37.783081,-122.409968,02-12-2023,13-05-2024,925000,2,967,,Mark Friedberg,163
424011345,66 Cleary Ct,,37.784384,-122.426976,05-04-2024,13-05-2024,1049000,3,1102,,Aldo Carobene,38
424017911,1061 Kansas St,,37.756274,-122.402414,15-04-2024,13-05-2024,1200000,4,2365,2,Mary Macpherson,28
424020697,435 China Basin St,,37.771594,-122.388589,04-04-2024,13-05-2024,1470000,2,1234,,Michelle Kim,39
424025148,3532 23rd St,,37.753796,-122.422356,19-04-2024,13-05-2024,2295000,2,,,Mark Brown,24
424027219,766 Harrison St,,37.78165,-122.399117,25-04-2024,13-05-2024,398000,0,306,,Tyler Mende,18
424018061,260 32nd Ave,,37.784317,-122.492235,15-04-2024,13-05-2024,3950000,4,2647,2,Ted Bartlett,28
424022404,391 Chenery St,,37.736337,-122.428643,12-04-2024,13-05-2024,2195000,3,2020,1,Traci Thiercof,31
424025166,290 Maywood Dr,,37.731412,-122.461791,18-04-2024,13-05-2024,2295000,3,2006,2,Missy Wyant Smit,25
424005299,330 N Mission Bay Blvd,,37.771662,-122.387453,21-02-2024,13-05-2024,1095000,2,,,Michelle L. Balog,82
424023002,400 Melrose Ave,,37.734025,-122.451375,12-04-2024,10-05-2024,1148000,2,1050,1,The Canlas Brothers,28
ML81962324,1976 Fell St,,37.772671,-122.450399,20-04-2024,10-05-2024,850000,3,1624,1,Joey Oliva,20
424020018,2390 25th Ave,,37.743023,-122.481972,31-03-2024,13-05-2024,2699000,7,6137,,Mia Takami,43
424022328,1822 43rd Ave,,37.752632,-122.501826,13-04-2024,13-05-2024,1395000,3,,,Todd Wiley,30
424020132,490 Connecticut St,,37.760147,-122.397491,01-04-2024,13-05-2024,699000,1,,,Alyce Cardinale,42
423917481,2238 Market St,,37.76545,-122.432076,18-10-2023,10-05-2024,1288000,2,1089,,Garrett Frakes,205
ML81962859,738 Athens St,,37.716468,-122.432679,25-04-2024,13-05-2024,780000,2,1180,1,Elizabeth C. Machado,18
424020412,60 Burlwood Dr,,37.734571,-122.454069,04-04-2024,10-05-2024,1475000,3,2535,,Andrew Herrera II,36
424020480,854 43rd Ave,,37.772512,-122.503203,11-04-2024,10-05-2024,1998000,4,2466,1,Betsy A. Linder,29
424019467,169 Eastwood Dr,,37.72894,-122.457572,11-04-2024,13-05-2024,1600000,4,2268,2,Peter Iskandar,32
424015779,75 Santa Marina St,,37.740135,-122.421441,14-03-2024,10-05-2024,995000,4,1362,,Andres F. Restrepo,57
424021293,1183 Alemany Blvd,,37.730502,-122.430485,05-04-2024,10-05-2024,899000,3,,1,Craig Ackerman,35
424020634,2135 42nd Ave,,37.746852,-122.501007,12-04-2024,10-05-2024,1195000,3,1682,1,Brendon Kearney,28
424012256,7 Hallam St,,37.775735,-122.408298,07-03-2024,10-05-2024,725000,1,900,1,Marcell Neri,64
424015843,301 Main St,,37.789376,-122.390972,28-03-2024,10-05-2024,1650000,2,1317,,Mia Takami,43
424004494,733 Front St,,37.798027,-122.400092,09-02-2024,10-05-2024,995000,1,999,,Dean R. Sereni,91
424010423,8200 Oceanview Ter,,37.710417,-122.467703,22-02-2024,10-05-2024,747888,2,948,,The Canlas Brothers,78
424000365,904 Haight St,,37.771446,-122.437384,03-01-2024,13-05-2024,1625000,7,4773,,Dustin Dolby,131
424018963,2240 Beach St,,37.803682,-122.446043,28-03-2024,10-05-2024,3995000,3,2710,2,Alexander Lurie,43
424012152,34 Tamalpais Ter,,37.777897,-122.448499,21-03-2024,10-05-2024,2795000,4,2437,1,Omar Khayat,50
423925487,5853 Mission St,,37.708813,-122.451422,15-02-2024,10-05-2024,599000,2,835,,David C Willis,85
424022282,1509 Sanchez St,,37.74499,-122.428703,12-04-2024,10-05-2024,1395000,3,1717,,Jeanne Marise Valera,28
424007915,150 Lombard St,,37.80445,-122.404178,09-02-2024,10-05-2024,1195000,2,1177,,Michael Freethy,91
424020122,136 Parnassus Ave,,37.764976,-122.450752,01-04-2024,10-05-2024,749000,2,883,,Michael P. Kramer,39
423729387,1100 Sacramento St,,37.792957,-122.411255,31-03-2023,10-05-2024,7495000,3,4320,,Mary Lou Castellanos,406
424024654,2287 45th Ave,,37.743959,-122.503977,17-04-2024,09-05-2024,1095000,2,1450,,Jason Chan,22
424015129,4332 19th St,,37.759301,-122.437814,15-03-2024,10-05-2024,3495000,4,2456,1,Natalie Kitchen,56
ML81961154,146 Bradford St,,37.740611,-122.409824,12-04-2024,10-05-2024,1499950,4,1883,2,ALANA LAM,28
424024242,45 Romain St,,37.756253,-122.439684,19-04-2024,09-05-2024,1395000,2,1234,2,Lee Ann Monfredini,20
424012314,2158 26th Ave,,37.747228,-122.483177,28-03-2024,09-05-2024,1688000,3,2111,1,Rob Edwards,42
ML81961356,2127 30th Ave,,37.747558,-122.488156,14-04-2024,09-05-2024,1500000,3,1590,2,Heather Hansen,25
ML81961004,315 Orizaba Ave,,37.714656,-122.462839,11-04-2024,09-05-2024,899000,4,1950,2,Keith Walker,28
ML81963222,1916 15th Ave,,37.752238,-122.471664,26-04-2024,09-05-2024,1598000,2,1606,2,James Minkey,13
424014157,2009 Oak St,,37.770977,-122.452489,14-03-2024,09-05-2024,1445000,2,1340,1,Michael Salstein,56
423918344,1755 Jackson St,,37.793538,-122.424003,22-10-2023,09-05-2024,1849000,3,1985,,Anthony Koutsos,200
424013174,317 29th St,,37.743375,-122.427467,22-03-2024,09-05-2024,988000,1,882,1,Robert Merryman,48
424017596,135 Red Rock Way,,37.746222,-122.441969,26-03-2024,09-05-2024,499000,0,650,,Bill Kitchen,44
424022364,5549 Diamond Heights Blvd,,37.738845,-122.436271,02-05-2024,09-05-2024,1588000,3,2462,,Sabrina Gee-shin,7
424017829,875 Head St,,37.723035,-122.463032,31-03-2024,09-05-2024,1698000,3,,,Sandy Gandolfo,39
424019385,8 Octavia St,,37.77255,-122.423361,28-03-2024,08-05-2024,725000,1,726,,Patrick Lowell,41
41054146,942 Ingerson Ave,,37.718711,-122.391781,05-04-2024,09-05-2024,1098000,3,1419,2,Geary Do,34
424007913,735 Andover St,,37.733806,-122.416698,09-02-2024,08-05-2024,1550000,3,1750,,Teona Eristavi,89
424021331,3091 California St,,37.787218,-122.445088,05-04-2024,09-05-2024,2695000,6,3333,2,John Antonini,34
424024172,91 Stoneyford Ave,,37.729498,-122.421066,15-04-2024,08-05-2024,999000,3,1042,1,Ali Mafi,23
424007902,1000 3rd St,,37.775364,-122.390394,13-02-2024,09-05-2024,1298000,2,1198,,Crystal Injo,86
424016127,333 Bush St,,37.790592,-122.403057,02-04-2024,08-05-2024,1199000,2,1250,,Robyn Kaufman,36
424009452,201 Lauren Ct,,37.714051,-122.398868,11-04-2024,09-05-2024,888000,2,1207,,Monica Sagullo,28
41055089,757 N Point St,,37.805532,-122.419606,05-04-2024,08-05-2024,1399000,2,1519,1,Sara St. Martin Lynne,33
424024047,37 Hartford St,,37.761932,-122.433671,19-04-2024,08-05-2024,1695000,3,2246,,Brendon Kearney,19
424023555,230 San Fernando Way,,37.732683,-122.469851,12-04-2024,09-05-2024,1795000,3,1782,,Laura Lanzone,27
424023132,5530 California St,,37.784491,-122.477071,11-04-2024,08-05-2024,1095000,2,1109,1,Nick Cooper,27
424013127,350 Joost Ave,,37.732585,-122.443212,04-04-2024,08-05-2024,1749000,3,1876,,Brian C. Marabello,34
424005642,843 Foerster St,,37.736767,-122.448077,03-04-2024,08-05-2024,1149000,3,1414,2,Judson Gregory,35
424020613,3265 20th St,,37.758704,-122.413896,05-04-2024,08-05-2024,995000,3,1263,,Alexander Lurie,33
424032210,2525 Van Ness Ave,,,,10-05-2024,08-05-2024,1950000,2,1353,,Frank Nolan,-2
424004699,946 Stockton St,,37.794717,-122.407801,25-01-2024,08-05-2024,629500,2,750,,Chiunghui Chen,104
424019412,3038 Steiner St,,37.797481,-122.436984,03-04-2024,08-05-2024,2495000,3,,,Scott P Brittain,35
424014213,851 Van Ness Ave,,37.78352,-122.421356,08-03-2024,08-05-2024,799000,2,1247,,John W. Macon,61
424016356,2040 Franklin St,,37.793519,-122.424316,03-04-2024,08-05-2024,1200000,2,1630,,Milan Jezdimirovic,35
424020935,49 Divisadero St,,37.768059,-122.436813,14-04-2024,08-05-2024,3795000,4,2619,,Monica Pauli,24
424006401,21 Brompton Ave,,37.734192,-122.43455,02-02-2024,07-05-2024,2895000,4,2620,,Edward Deleski,95
424004464,456 Prentiss St,,37.737541,-122.412382,14-03-2024,08-05-2024,898000,1,785,,Michael Minson,55
423925007,300 3rd St,,37.78318,-122.399082,03-12-2023,08-05-2024,899800,2,1161,,Masti Pahlbod,157
424016982,1788 Clay St,,37.79257,-122.42225,21-03-2024,08-05-2024,849000,1,754,1,Alexander Mazur,48
ML81955188,425 1st St,,37.786063,-122.392176,23-02-2024,08-05-2024,1798888,2,1278,1,The Chandani Group,75
424013043,592 Lombard St,,37.803194,-122.411154,04-03-2024,07-05-2024,2595000,3,2219,,Scott P Brittain,64
424018301,163 Moneta Way,,37.712049,-122.450827,23-03-2024,08-05-2024,1188000,2,1200,1,Angela Ho,46
424011050,1045 S Van Ness Ave,,37.756471,-122.416296,01-03-2024,08-05-2024,695000,2,971,,Winnie Wong,68
424019088,875 Lombard St,,37.802191,-122.415808,03-04-2024,08-05-2024,1888800,9,3625,2,Michelle An,35
424023498,2670 Pine St,,37.787315,-122.439751,12-04-2024,07-05-2024,1295000,3,1774,,Evan D. Matteo,25
424021108,1423 Plymouth Ave,,37.728189,-122.456751,04-04-2024,07-05-2024,1595000,3,1620,1,Ric Rocchiccioli,33
424012451,459 40th Ave,,37.78019,-122.501247,29-03-2024,07-05-2024,2199000,4,3290,,Stephen Lee,39
424021585,1905 Baker St,,37.788804,-122.444287,08-04-2024,07-05-2024,2495000,3,2065,,Meagan Levitan,29
424013095,3256 Washington St,,37.790268,-122.446906,11-03-2024,07-05-2024,6495000,4,4219,,Neal Ward,57
424010383,1170 Sacramento St,,37.79293,-122.41219,04-03-2024,07-05-2024,2500000,4,2780,,Meredith Martin,64
424007835,946 Stockton St,,37.794717,-122.407801,09-02-2024,07-05-2024,578000,2,710,,David T. Chan,88
424023504,229 Montcalm St,,37.745445,-122.40875,12-04-2024,07-05-2024,2995000,4,2850,,Eric Altree,25
424003114,9 Vistaview Ct,,37.733546,-122.395184,13-03-2024,06-05-2024,825000,2,1301,,Cooper Gaines,54
424003766,300 3rd St,,37.78318,-122.399082,23-04-2024,06-05-2024,480000,1,581,,Paul Hwang,13
424022159,228 Stillings Ave,,37.734769,-122.444879,08-04-2024,06-05-2024,1495000,3,1732,1,Pam Parker Murphy,28
424012214,55 Ora Way,,37.741266,-122.436966,06-03-2024,07-05-2024,569000,1,676,1,KC Cormack,62
ML81945710,124 Russia Ave,,37.720809,-122.436087,20-10-2023,07-05-2024,1199888,4,1600,1,Raj Singh,200
424025214,1304-1308 Francisco St,,37.803098,-122.426881,19-04-2024,07-05-2024,1495000,2,1338,2,Ciara Piron,18
424021596,80 San Felipe Ave,,37.731114,-122.462141,05-04-2024,06-05-2024,1300000,3,1544,2,Rimma Ludovico,31
424018552,907 Bosworth St,,37.733887,-122.437208,29-03-2024,07-05-2024,888000,2,1229,,Sean Kelly,39
424008742,134 Stanyan St,,37.77916,-122.455209,07-03-2024,06-05-2024,2500000,4,2755,2,Rich Lewetzow,60
424021045,267 32nd Ave,,37.784209,-122.492848,12-04-2024,06-05-2024,1995000,3,1729,,Mark Peschel,24
424021644,733 Minna St,,37.776474,-122.413041,05-04-2024,06-05-2024,1075000,7,2607,,Dan M. Mcgivern,31
424010221,3964 20th St,,37.758247,-122.429484,19-04-2024,06-05-2024,2595000,3,2174,2,John Lepage,17
422696274,338 Main St,,37.788682,-122.391851,22-02-2024,06-05-2024,2495000,2,1572,,Shalini R. Sadda,74
ML81958181,620 Sawyer St,,37.709447,-122.416265,06-05-2024,06-05-2024,799000,2,1000,2,Tom Beck,0
424015990,1129 Balboa St,,37.77667,-122.470991,15-03-2024,06-05-2024,1395000,5,2382,1,John Antonini,52
424020749,1335 Filbert St,,37.799544,-122.421513,04-04-2024,06-05-2024,1195000,1,953,,Ruth Krishnan,32
424023491,117 Banks St,,37.741016,-122.412433,12-04-2024,06-05-2024,995000,2,807,1,Tara Donohue,24
424001817,737 Chestnut St,,37.803268,-122.415611,11-01-2024,06-05-2024,1350000,3,1980,,Tyron Hooper,116
424006211,1160 Mission St,,37.778704,-122.412634,02-02-2024,06-05-2024,1025000,3,1327,,John Lepage,94
424020371,2570 31st Ave,,37.739328,-122.487998,02-04-2024,06-05-2024,995000,2,1060,,Jason Chan,34
424020693,1029 Dolores St,,37.752991,-122.424852,05-04-2024,06-05-2024,1395000,3,1443,1,Robert Moffatt,31
423920053,1117 Guerrero St,,37.753259,-122.422682,10-12-2023,03-05-2024,1999000,6,5184,,Janice Lee,145
424001921,735 Chestnut St,,37.803181,-122.415565,12-01-2024,06-05-2024,775000,3,1790,,Tyron Hooper,115
41052765,107 Dwight St,,37.723467,-122.403398,14-03-2024,06-05-2024,479000,0,627,,MARK VANDERPOOL,53
424021610,197 18th Ave,,37.784491,-122.4777,05-04-2024,06-05-2024,1249000,2,1286,1,Jennifer Gottlieb,31
424025177,2001 McAllister St,,37.776381,-122.44569,18-04-2024,06-05-2024,985000,2,1011,2,Renee Gonsalves,18
424021067,635 Pacheco St,,37.750934,-122.467109,12-04-2024,06-05-2024,1799000,5,2250,,Derrick Mar,24
424009349,754 27th Ave,,37.775161,-122.486198,28-03-2024,06-05-2024,1198000,3,1680,3,Michael Minson,39
424012531,2040 Sutter St,,37.786216,-122.434402,01-03-2024,03-05-2024,1049000,2,1022,,Jim Stafford,63
424006685,55 Pond St,,37.763368,-122.432018,29-02-2024,06-05-2024,449000,1,595,,Bonnie Spindler,67
ML81954931,2405 41st Ave,,37.74179,-122.499468,23-02-2024,06-05-2024,1280000,,2150,1,Peggy Wang,73
41054269,685 19th Ave,,37.775047,-122.478166,29-03-2024,06-05-2024,1699000,3,2040,2,DIANA FONG,38
424013861,23-25 Peralta Ave,,37.747869,-122.405481,14-03-2024,06-05-2024,3099000,4,2588,2,John L. Woodruff III,53
ML81948130,875 Corbett Ave,,37.75282,-122.443518,17-11-2023,03-05-2024,1400000,3,1883,2,Rena Provencio,168
424004815,960 Pine St,,37.791012,-122.411781,25-01-2024,03-05-2024,3250000,3,8700,,Adam D. Filly,99
423927525,1839 15th St,,37.765462,-122.424916,09-03-2024,03-05-2024,525000,0,526,,Karen Mai,55
424014829,224 Bennington St,,37.738068,-122.418211,22-03-2024,03-05-2024,1645000,3,,2,Christie Springer,42
424008770,23 Roscoe St,,37.734301,-122.418598,19-02-2024,03-05-2024,950000,2,1050,,Scott P Brittain,74
424017657,1630 Sacramento St,,37.791866,-122.42009,21-03-2024,03-05-2024,685000,1,812,,Michael Campesino,43
424004863,329 Waller St,,37.771131,-122.429103,25-01-2024,03-05-2024,1100000,2,1074,,Edward Ong,99
423755067,423 Silver Ave,,37.728791,-122.427666,14-07-2023,03-05-2024,1499000,5,2510,,Carlson Seto,294
424017144,922 Esmeralda Ave,,37.743567,-122.409743,05-04-2024,03-05-2024,895000,2,846,2,Isabelle Grotte,28
424016660,593 20th Ave,,37.776783,-122.479299,29-03-2024,03-05-2024,978000,2,1044,,Paul Koncar,35
424023150,530 Joost Ave,,37.732567,-122.447343,12-04-2024,03-05-2024,988000,2,1000,,Heidi Rossi,21
423925837,75 Ora Way,,37.740907,-122.43685,03-01-2024,03-05-2024,409000,1,684,,KC Cormack,121
424026631,235 N Lake Merced Hls,,37.712801,-122.482266,26-04-2024,03-05-2024,699000,3,2070,2,Ruth Krishnan,7
424019491,2415 Van Ness Ave,,37.797885,-122.424243,05-04-2024,03-05-2024,548000,1,566,,Dean Badessa,28
424019381,168 Lundys Ln,,37.742739,-122.419822,04-04-2024,03-05-2024,1295000,4,2205,,Jessica Branson,29
423923656,72 Nido Ave,,37.779682,-122.446013,18-03-2024,03-05-2024,2280000,3,2334,,Scott Yarmark,46
424012713,2876 25th St,,37.751454,-122.407822,14-03-2024,03-05-2024,1695000,3,1566,2,Ilana Minkoff,50
41052237,518 Brussels St,,37.725545,-122.405204,25-03-2024,06-05-2024,1150000,3,1450,1,Maribel Harless,42
424021319,619 15th Ave,,37.776359,-122.474009,05-04-2024,03-05-2024,1395000,2,1367,,Hugh Groocock,28
424003851,564 Fell St,,37.775597,-122.427128,02-02-2024,02-05-2024,1495000,2,1155,,Todd Montgomery,90
41049581,52 Kirkwood Ave,,37.727211,-122.36972,09-02-2024,03-05-2024,704000,2,1037,1,Bernadette Troncales Weir,84
424016694,4627 California St,,37.784449,-122.467124,19-03-2024,03-05-2024,1350000,2,1281,,Jim Fisher,45
424023444,1010 14th St,,37.767519,-122.435965,12-04-2024,03-05-2024,1995000,3,2250,,Shannon Cronan,21
424016126,721 Castro St,,37.757375,-122.434337,01-04-2024,03-05-2024,1295000,2,1414,,Mike Hood,32
423909468,49 Moss St,,37.777955,-122.407986,17-09-2023,03-05-2024,3750000,5,4766,,Eric Turner,229
424016738,1907 Grant Ave,,37.804538,-122.40855,18-03-2024,02-05-2024,1595000,5,2404,,Cesar A. Contreras,45
424001160,119 Skyview Way,,37.751688,-122.450248,12-04-2024,02-05-2024,1895000,4,1883,1,Alek Keytiyev,20
424018794,546 Elizabeth St,,37.752405,-122.433034,01-04-2024,02-05-2024,3250000,3,,,Richard Welch,31
424018658,2720 Octavia St,,37.79733,-122.428579,26-03-2024,03-05-2024,799000,1,800,1,Lynn Finnegan,38
424017658,1071 Sanchez St,,37.752014,-122.429379,03-04-2024,02-05-2024,2995000,4,3080,1,Kilby Stenkamp,29
424019052,2386 Bryant St,,37.756264,-122.409692,05-04-2024,02-05-2024,749000,2,760,,Jennifer Burden & Carren Shagley,27
ML81954907,51 Miguel St,,37.739167,-122.42949,21-02-2024,02-05-2024,1399999,2,1467,,Brent Mardesich,71
424019762,871 45th Ave,,37.772131,-122.505994,04-04-2024,02-05-2024,2095000,3,2150,1,Mike Murphy,28
424019555,229 Brannan St,,37.782646,-122.390388,05-04-2024,02-05-2024,899000,1,885,1,Patrick Lowell,27
424000107,37 Annapolis Ter,,37.777941,-122.44816,12-01-2024,02-05-2024,1395000,2,1388,,Todd Gray,111
ML81957570,1610 38th Ave,,37.756806,-122.496812,14-03-2024,02-05-2024,2199950,3,2115,1,ALANA LAM,49
424024198,229 Granville Way,,37.742387,-122.462986,17-04-2024,03-05-2024,2495000,3,1940,1,Jane R. Poppelreiter,16
424023009,66 Lobos St,,37.715189,-122.454877,11-04-2024,02-05-2024,799000,2,,1,Caroline Scott,21
424021247,2228 Beach St,,37.803664,-122.445855,15-04-2024,02-05-2024,1195000,1,990,,Darwin K Tejada,17
424001346,1749 Sutter St,,37.786383,-122.429061,18-01-2024,02-05-2024,1285000,2,1400,,Eric Altree,105
41052114,875-77 31st Ave,,37.772754,-122.490981,08-03-2024,19-04-2024,1950000,9,4790,,Lannie Mok,42
424017722,1776 Sacramento St,,37.791618,-122.422098,22-03-2024,19-04-2024,1095000,2,1128,,Maggie Visser,28
424016918,2906 San Bruno Ave,,37.724957,-122.402774,22-03-2024,19-04-2024,1995000,15,7672,5,Shameran Anderer,28
ML81957002,501 Crescent Way,,37.711929,-122.388605,09-03-2024,19-04-2024,756888,2,1166,1,Rachel DiNapoli Hardyck,41
ML81945122,585 Lakeview Ave,,,,16-10-2023,19-04-2024,499000,,,,Jean Joh,186
424014809,2205 Sacramento St,,37.790134,-122.429508,22-03-2024,19-04-2024,1399000,2,1582,,Nina Style,28
,757 20th Ave,,37.773634,-122.479222,,19-04-2024,,,3980,,,
424017839,134 Stanford Heights Ave,,37.736334,-122.449486,22-03-2024,19-04-2024,995000,2,1145,2,Alice Cahan,
423906956,246 20th Ave,,37.783244,-122.479257,15-09-2023,19-04-2024,1099000,3,1656,,Kenneth Blalock,
424012166,1580 Pacific Ave,,37.795361,-122.421303,29-02-2024,19-04-2024,818000,1,704,,Loring M. Aguillon-racine,
424013786,1755 11th Ave,,37.755442,-122.468189,07-03-2024,19-04-2024,1295000,2,1250,,Jason Chan,
424020241,728 Taylor St,,37.789278,-122.411712,01-04-2024,19-04-2024,2350000,14,6104,1,Allison Chapleau (NM),
424002335,334 El Camino Del Mar St,,37.787785,-122.486984,21-03-2024,19-04-2024,3575000,5,2900,1,Merri Pontar-Rawski,
424017737,411 Francisco St,,37.804362,-122.412447,21-03-2024,19-04-2024,1249000,2,1265,,Faye Dibachi,
424015337,4 Van Buren St,,37.736534,-122.435646,15-03-2024,19-04-2024,1595000,4,2333,,Tara Donohue,
424007010,90 Westgate Dr,,37.728319,-122.465267,12-02-2024,19-04-2024,2150000,5,2811,,Rik Liddell,
424012601,7 Nebraska St,,37.74109,-122.41013,04-03-2024,19-04-2024,1595000,4,1764,2,Justin Peter Hedemark,
41041766,755 20th Ave,,37.773634,-122.479222,12-10-2023,19-04-2024,1998000,4,3980,,Rommel Taylor,
424000321,51 Alpine Ter,,37.769639,-122.437444,08-04-2024,19-04-2024,1150000,2,905,,Darcy Elman,
424008605,3795 Market St,,37.753626,-122.442189,23-02-2024,18-04-2024,1695000,3,2493,,Ruth Krishnan,
424018655,239 Romain St,,37.755803,-122.441892,29-03-2024,18-04-2024,999999,2,1071,1,Howard Reinstein,
424015143,669 9th Ave,,37.775833,-122.467453,14-03-2024,18-04-2024,1995000,3,2314,,Dale T. Boutiette | DA Team Founder,
424015086,1798 McAllister St,,37.777571,-122.441473,12-03-2024,18-04-2024,1825000,3,4362,,Brian Topley,
424017481,93 Saturn St,,37.762463,-122.442871,21-03-2024,18-04-2024,998000,3,,,Becky Cusack,
424010179,1385 Hampshire St,,37.75025,-122.406795,21-02-2024,19-04-2024,599000,1,,,Osman Dost,
423916389,466 Collingwood St,,37.754966,-122.435873,13-10-2023,18-04-2024,1250000,2,,24,Craig Epstein,
424005763,3038 Pierce St,,37.798143,-122.438761,15-03-2024,19-04-2024,1265000,2,1150,,Isabelle Grotte,
424016167,1686 York St,,37.746545,-122.405701,15-03-2024,18-04-2024,1099000,2,1000,,Daniel Hendel,
424008115,855 Page St,,37.77222,-122.434815,02-04-2024,18-04-2024,1890000,10,3000,,Jessie Lee,
423923971,1998 Broadway St,,37.795277,-122.429787,09-02-2024,19-04-2024,2190000,2,1390,,Kelly D. Minchen,
424012581,344 Bocana St,,37.738665,-122.419363,07-03-2024,18-04-2024,1149000,4,1675,,Marc Antonio Alejandre,
424005523,140 Pennsylvania Ave,,37.764778,-122.394112,30-01-2024,17-04-2024,950000,2,894,,"Colleen Cotter, Cotter Real Estate Group",
424013017,2090 Pacific Ave,,37.79431,-122.42961,04-03-2024,19-04-2024,1450000,1,1363,,"Colleen Cotter, Cotter Real Estate Group",
424013960,2 Sequoia Way,,37.740111,-122.449084,08-03-2024,18-04-2024,998000,2,1255,,Janet Mcgee,
424017121,239 Brannan St,,37.782646,-122.390388,04-04-2024,18-04-2024,1698000,2,1516,1,Franck Costa,
424002786,65 Cleary Ct,,37.783611,-122.426715,14-03-2024,18-04-2024,998000,3,1429,1,Meryl Bennan,
424005731,865 N Point St,,37.805351,-122.421349,31-01-2024,17-04-2024,2750000,10,4718,,Brian Leung,
424017286,80 San Pablo Ave,,37.739107,-122.462683,28-03-2024,18-04-2024,2295000,3,2190,1,Jane R. Poppelreiter,
ML81955039,1222 23rd Ave,,37.764768,-122.481177,22-02-2024,17-04-2024,1599000,5,2089,1,Serena Lei-Ng,
ML81922548,1070 Post St,,37.787158,-122.419338,20-04-2023,17-04-2024,775000,3,994,,Crystal Shetaya,
423914886,181 Ofarrell St,,37.786188,-122.407633,09-10-2023,17-04-2024,1950000,3,2516,,Amanda Jones,
424016174,225 Cole St,,37.772884,-122.451193,16-03-2024,17-04-2024,1495000,4,3500,2,Deborah Odier,
423750614,1150 Fell St,,37.774445,-122.436842,20-06-2023,17-04-2024,850000,10,3950,,Joseph Levy,
424003993,23 Blair Ter,,37.751136,-122.399047,23-01-2024,17-04-2024,850000,3,1109,,Wendy Watkins,
424016193,3112 Pierce St,,37.798796,-122.438937,15-03-2024,17-04-2024,1995000,3,1713,1,Susan Hewitt,
424012224,240 Lombard St,,37.804244,-122.405504,08-03-2024,17-04-2024,450000,0,481,1,Robert Smith,
ML81959192,226 Summit Way,,37.715604,-122.477152,28-03-2024,18-04-2024,1258000,3,1547,2,Magic Li,
ML81955535,1219 32nd Ave,,37.764401,-122.491486,27-02-2024,16-04-2024,1750000,4,1927,1,Lina Zhou,
ML81942660,300 Berry St,,37.77393,-122.396241,22-09-2023,16-04-2024,1068000,2,932,1,Agnes Huang,
423724325,361 11th Ave,,37.781586,-122.470019,02-03-2023,16-04-2024,2295000,10,4164,,Joseph M. Tapia,
424002783,250 King St,,37.777642,-122.393418,16-02-2024,16-04-2024,578000,1,760,,Robyn Kaufman,
ML81955986,1914 34th Ave,,37.751332,-122.492062,04-03-2024,17-04-2024,1599000,3,1460,1,Michele Dee,
424015727,111 Cuvier St,,37.733109,-122.428242,15-03-2024,16-04-2024,1159000,4,2515,1,Jeff Salgado,
424018145,730 Vermont St,,37.759871,-122.404351,22-03-2024,16-04-2024,1299000,2,1296,,Mary Lou Castellanos,
424017956,226 27th St,,37.747211,-122.425827,22-03-2024,16-04-2024,499000,1,6760,,Lisa Thompson,
424011476,1801 Wawona St,,37.736598,-122.486298,08-03-2024,16-04-2024,1295000,3,1242,,Joseph Chav,
424005992,2235 Mission St,,37.761207,-122.418943,08-03-2024,16-04-2024,859000,3,1080,,Carrie B. Goodman,
424011343,1524 Pacific Ave,,37.795561,-122.42063,13-03-2024,16-04-2024,2198000,2,,,Kristen Stuecher,
424017781,1312 Anza St,,37.779419,-122.462382,22-03-2024,16-04-2024,2695000,4,3023,1,Paul Huber,
423917569,115 Farallones St,,37.713819,-122.456638,18-10-2023,16-04-2024,699000,2,788,,Beatrice Kopilenko,
424013294,1443 22nd Ave,,37.760715,-122.480477,14-03-2024,16-04-2024,1295000,3,1898,,Kevin Birmingham,
424022016,1288 Howard St,,37.775631,-122.412788,06-04-2024,16-04-2024,575000,1,547,,Michael Brizzolara,
424005010,1774 Beach St,,37.804382,-122.438743,13-02-2024,16-04-2024,1995000,2,1696,,Neal Ward,
ML81960163,1467 32nd Ave,,37.759833,-122.491167,04-04-2024,30-04-2024,1088000,2,1387,2,Sandi Smith,
41050497,214 Maynard St,,37.729204,-122.425529,21-02-2024,01-05-2024,1085000,2,1500,1,Elan Chertock,
424018776,2084 Fell St,,37.772415,-122.452144,04-04-2024,01-05-2024,1198000,2,1152,,Luke Schemmel,
424001346,1749 Sutter St,,37.786383,-122.429061,18-01-2024,02-05-2024,1285000,2,1400,,Eric Altree,
424002854,3532 23rd St,,37.753796,-122.422356,19-01-2024,01-05-2024,1895000,2,,,Mark Brown,
424023603,128 Marietta Dr,,37.740663,-122.448186,12-04-2024,01-05-2024,1195000,2,1325,1,Bill Kitchen,
424016915,855 Folsom St,,37.780767,-122.402142,19-03-2024,01-05-2024,779000,1,838,,The Canlas Brothers,
424009892,2920 Buchanan St,,37.797112,-122.431787,22-02-2024,01-05-2024,1545000,2,1300,1,Lauren Steinberg,
424017756,1371 Bay St,,37.803302,-122.429486,22-03-2024,01-05-2024,4600000,5,4773,,Gillian Toboni,
424004109,328 Cumberland St,,37.758958,-122.431088,26-01-2024,01-05-2024,7000000,4,4160,,Neill Bassi,
ML81951000,101 Crescent Way,,37.710919,-122.389249,10-01-2024,30-04-2024,995000,3,1374,2,Michele Jauregui,
424027441,1328 California St,,37.791363,-122.416328,25-04-2024,01-05-2024,2000000,7,6270,,Terrence Jones,
423922024,588 Minna St,,37.779073,-122.410312,09-11-2023,30-04-2024,760000,2,998,,Milan Jezdimirovic,
423922105,1288 Howard St,,37.775631,-122.412788,09-11-2023,30-04-2024,895000,2,,,Joshua Frizzell,
424015634,2425 Market St,,37.761962,-122.435691,15-03-2024,01-05-2024,995000,2,878,1,Jennifer Holderness,
424017750,301 Main /B St,,37.78928,-122.391327,25-03-2024,01-05-2024,3500000,3,2480,2,Diana Koll,
423927241,2919 Pacific Ave,,37.791986,-122.443437,29-01-2024,01-05-2024,1499000,2,1156,,Natalie Kitchen,
424021230,1253 6th Ave,,37.764971,-122.463443,04-04-2024,01-05-2024,1449000,3,1435,1,Eddie O'Sullivan,
424016091,950 Tennessee St,,37.759748,-122.389882,15-03-2024,01-05-2024,1249000,2,1024,,Bradley Joe,
423910694,588 Minna St,,37.779073,-122.410312,19-09-2023,30-04-2024,589000,1,644,,Milan Jezdimirovic,
423918089,1201 California St,,37.791077,-122.414339,30-10-2023,30-04-2024,759000,1,849,,Eric Altree,
423741516,488 Folsom St,,37.787902,-122.39436,15-05-2023,30-04-2024,2495000,2,1652,,Derec Lacio,
424019655,2166 46th Ave,,37.746142,-122.504601,29-03-2024,01-05-2024,1295000,3,1525,1,Flannan Lum,
424020399,1316-A 7th Ave,,37.763796,-122.463863,04-04-2024,30-04-2024,1495000,3,1306,,Priya Agrawal,
424014753,650 Turk St,,37.782379,-122.420163,15-03-2024,30-04-2024,599000,1,724,,Mary Macpherson,
423761060,400 Beale St,,37.786905,-122.39092,08-08-2023,30-04-2024,1175000,2,1215,,Joel Goodrich,
424013471,220 Raymond Ave,,37.713556,-122.40742,02-04-2024,30-04-2024,998000,4,2040,2,Aileen Fernandez,
424017370,256 Cotter St,,37.729936,-122.436755,28-03-2024,30-04-2024,1195000,3,1650,,Drew Wilkerson,
424007000,864 Rolph St,,37.710992,-122.428934,22-02-2024,30-04-2024,885000,4,1036,,Marcella Straub,
41053405,4501 Ocean Ave,,37.731844,-122.491687,01-04-2024,30-04-2024,1499000,4,2544,2,Mark Rosenberg,
424013867,350 Ewing Ter,,37.779444,-122.448066,14-03-2024,30-04-2024,2300000,3,1803,1,Mary Macpherson,
424017302,1201 Guerrero St,,37.751836,-122.42262,22-03-2024,30-04-2024,1975000,3,3258,,John Antonini,
423756928,3814 24th St,,37.751912,-122.427902,18-07-2023,30-04-2024,775900,2,780,,Melody Kramer,
424019802,851 Ashbury St,,37.766326,-122.446495,08-04-2024,30-04-2024,4200000,4,3370,1,Tal Klein,
ML81960080,727 France Ave,,37.717303,-122.432102,01-05-2024,30-04-2024,850000,0,1875,,Grant Villeneuve,
41050608,2539 18th Ave,,37.740461,-122.474763,22-02-2024,30-04-2024,1995000,4,2498,1,Sam Arash Far,
424007864,2205 Sacramento St,,37.790134,-122.429508,19-02-2024,30-04-2024,1495000,2,1582,,Cristian Isbrandtsen,
424011845,22 Stanford Heights Ave,,37.734233,-122.449647,22-03-2024,30-04-2024,1100000,2,1303,1,Henry G. Jeger,
424021457,574 26th Ave,,37.778621,-122.485342,05-04-2024,30-04-2024,1099000,2,1176,,Faye Dibachi,
424016908,2 Sparta St,,37.718234,-122.403746,21-03-2024,30-04-2024,999000,5,3012,,Ruth Krishnan,
423906903,260 King St,,37.777642,-122.393418,06-09-2023,30-04-2024,799900,1,823,,Masti Pahlbod,
ML81962880,266 Byxbee St,,37.71909,-122.469574,25-04-2024,30-04-2024,808000,2,812,1,John Marshall,
424013072,630 Ortega St,,37.754981,-122.470381,04-03-2024,30-04-2024,1595000,2,1690,1,Timothy Cannon,
424007715,1840 Sacramento St,,37.791461,-122.42332,09-02-2024,30-04-2024,5300000,8,13760,,Brad Lagomarsino,
424006046,1030 Jackson St,,37.7955,-122.412127,01-02-2024,30-04-2024,1750000,6,3756,,Brian Leung,
424015645,32 Dublin St,,37.719134,-122.4263,21-03-2024,29-04-2024,1499000,5,1967,1,Ryan Richard,
424019314,1310 Fillmore St,,37.781951,-122.431978,29-03-2024,30-04-2024,748000,1,869,1,Kirk Dahle,
424016329,201 Folsom St,,37.788682,-122.391851,15-03-2024,29-04-2024,3168000,3,1784,,Joel Goodrich,
424017120,1 Stanyan St,,37.781072,-122.456522,28-03-2024,29-04-2024,1149000,2,840,,Tina Low-lee,
ML81956724,59 Lois Ln,,37.71317,-122.398544,07-03-2024,29-04-2024,1198000,3,1997,2,Jennie Lok,
424017142,481 Dewey Blvd,,37.745836,-122.460588,23-03-2024,29-04-2024,1795000,3,2630,1,Trecia Knapp,
424002555,338 Spear St,,37.789376,-122.390972,18-04-2024,29-04-2024,2625000,3,1582,,Marcus Lee,
424008706,2999 California St,,37.787445,-122.443491,29-02-2024,29-04-2024,699000,1,654,,SANDY JONES-RAY,
424015931,168 Kenwood Way,,37.728235,-122.462261,15-03-2024,29-04-2024,2795000,5,3140,1,Julie Rogers,
424007521,655 Corbett Ave,,37.756487,-122.443006,09-02-2024,29-04-2024,637500,1,703,,Nicholas E. Salvadore,
424022792,929 Darien Way,,37.729632,-122.460943,10-04-2024,29-04-2024,1298000,3,1777,2,Sheldon Rilliet,
424007879,1039 Carolina St,,37.755515,-122.39943,09-02-2024,29-04-2024,975000,2,800,,Cheryl Bower,
424019980,168 Juanita Way,,37.742484,-122.45483,31-03-2024,29-04-2024,2098000,4,2365,,Tiffany Hickenbottom,
424006325,1949 Oak St,,37.771071,-122.451323,04-04-2024,29-04-2024,2595000,4,3093,,Jessica Branson,
424010333,826 40th Ave,,37.773167,-122.500026,30-03-2024,29-04-2024,995000,2,1285,1,Alexander Clark,
424005109,4013 Folsom St,,37.736667,-122.413324,22-02-2024,29-04-2024,1795000,3,,,Bobbi Levenson,
424006960,2300 Divisadero St,,37.790971,-122.440684,29-02-2024,29-04-2024,2895000,3,2450,,Brandea Ma-lee Bunnag,
424003567,2231 Powell St,,37.805406,-122.412109,19-01-2024,29-04-2024,798800,7,2990,,Tom Carpio,
ML81957532,323 Monterey Blvd,,37.731276,-122.442598,28-03-2024,29-04-2024,2688000,4,3054,1,Jenny Wang,
424000271,501 Crescent Way,,37.711929,-122.388605,04-01-2024,29-04-2024,749000,2,1156,,Kent Chen,
424010660,21 Wayne Pl,,37.796714,-122.411101,27-02-2024,29-04-2024,1490000,6,3240,,Christina Chung,
424021534,814 Grafton Ave,,37.720238,-122.461607,06-04-2024,29-04-2024,1798000,5,2287,1,Arthur Zendarski,
424023279,80 Williar Ave,,37.720261,-122.452373,11-04-2024,29-04-2024,1249000,3,1731,1,Lucinda Otto,
424014371,2230 Francisco St,,37.801325,-122.442011,08-03-2024,26-04-2024,1295000,2,1092,1,Kira Mead,
424012273,1160 Mission St,,37.778704,-122.412634,14-03-2024,29-04-2024,610000,1,764,,Marcell Neri,
424018979,209 Molimo Dr,,37.736899,-122.449545,28-03-2024,29-04-2024,1498000,3,,,Calvin Kam,
424014519,201 Folsom St,,37.788682,-122.391851,15-03-2024,29-04-2024,1650000,2,1191,,Todd Montgomery,
424017690,1580 Pacific Ave,,37.795361,-122.421303,21-03-2024,26-04-2024,818000,1,738,,Loring M. Aguillon-racine,
424014318,1632 Taylor St,,37.797486,-122.41329,17-03-2024,26-04-2024,1200000,2,1000,,Tara Polley,
424019281,1935 29th Ave,,37.751197,-122.487334,29-03-2024,26-04-2024,1195000,3,1250,,Jason Chan,
424008802,1351 Minna St,,37.767537,-122.418952,22-02-2024,26-04-2024,1095000,3,1483,,Trecia Knapp,
423916197,199 Thrift St,,37.717311,-122.458879,13-03-2024,29-04-2024,1288000,4,1502,,Ching Fai Cheung,
423923455,45 Hancock St,,37.760189,-122.429219,22-02-2024,26-04-2024,1495000,2,,,Judson Gregory,
424015075,3898 Washington St,,37.788961,-122.457081,18-03-2024,26-04-2024,14950000,7,8765,1,Neal Ward,
424013961,284 Jules Ave,,37.723424,-122.461088,07-03-2024,29-04-2024,599000,2,692,1,Eddie O'Sullivan,
423918469,2708 Sutter St,,37.784846,-122.445121,17-11-2023,26-04-2024,949000,3,1565,,David Anderson,
ML81960052,1467 40th Ave,,37.759454,-122.499738,04-04-2024,26-04-2024,1399000,2,1200,1,Cindy Alger,
ML81957131,1607-1609 27th Ave,,37.757374,-122.485525,11-03-2024,26-04-2024,1750000,4,2572,2,Victoria Lam,
424020757,2971 Clay St,,37.789488,-122.441981,12-04-2024,26-04-2024,2250000,3,1847,,Blakely Hull,
424002149,433 Filbert St,,37.801525,-122.406753,12-01-2024,26-04-2024,2195000,4,3020,1,Butch Haze,
ML81958201,174 Clearfield Dr,,37.730312,-122.490981,20-03-2024,26-04-2024,1598888,3,1421,2,Team Pete  And Christine,
424017543,1628 Vallejo St,,37.796755,-122.424896,21-03-2024,26-04-2024,1495000,2,1380,1,Derek Chin,
424011739,1922 Bush St,,37.787821,-122.42903,01-03-2024,26-04-2024,1750000,9,5352,1,Chani C. Trafficante,
ML81959882,167 Somerset St,,37.729452,-122.408406,03-04-2024,26-04-2024,898888,3,1500,2,Team Pete  And Christine,
424009896,520 Natoma St,,37.779821,-122.408125,21-02-2024,26-04-2024,269000,0,330,,Robert Gibson,
424019635,368 Elm St,,37.78138,-122.423144,29-03-2024,26-04-2024,598000,1,730,,Tabre Hess,
424016500,230 Hale St,,37.73198,-122.409782,16-03-2024,26-04-2024,849000,2,1130,,Michael Freethy,
ML81957025,2082 Bancroft Ave,,37.730908,-122.401626,10-03-2024,26-04-2024,1188888,5,2016,2,Kim Oanh Pham,
424009698,49 Scott St,,37.769722,-122.435348,18-02-2024,26-04-2024,1649000,2,1470,,James Testa,
424000435,3233 Pacific Ave,,37.791363,-122.448205,26-02-2024,26-04-2024,8495000,5,5260,,Blair C Heath,
424006180,300 3rd St,,37.78318,-122.399082,02-02-2024,26-04-2024,998000,2,1161,,Amy Levins,
424015633,1760 Mason St,,37.799855,-122.412283,14-03-2024,26-04-2024,1195000,2,1050,,George L. Limperis,
424015947,351 Hill St,,37.755379,-122.428945,15-03-2024,26-04-2024,1495000,2,1145,2,Marsha Abrahams,
424007655,1811 Leavenworth St,,37.79772,-122.417362,08-02-2024,26-04-2024,999000,2,,,Venus Zheng,
424020064,1337 Natoma St,,37.767807,-122.41831,01-04-2024,26-04-2024,995000,2,1345,1,Eric Rahe,
ML81953997,85 Caire Ter,,37.752153,-122.399748,12-02-2024,26-04-2024,925000,3,1109,,Cherie Alonzo,
424019286,2001 15th Ave,,37.750533,-122.472144,28-03-2024,26-04-2024,1595000,3,2204,1,John M. Lee,
424004030,1211 Revere Ave,,37.727372,-122.383129,22-03-2024,25-04-2024,799000,4,1627,,Amy Li,
424008668,1 S Park St,,37.782053,-122.392835,15-02-2024,26-04-2024,950000,1,821,,Mike Annunziata,
423914956,125 Thrift St,,37.71722,-122.457019,23-10-2023,26-04-2024,1100000,2,1018,,Betty Taisch,
424022085,2635 Broderick St,,37.794602,-122.443767,07-04-2024,26-04-2024,5300000,5,4363,2,Anna Spathis & Dennis Stavroupoulos,
424010137,1370 17th Ave,,37.762352,-122.474609,21-02-2024,26-04-2024,700000,1,872,,Silvia Zeng,
423911995,2100 Green St,,37.796589,-122.433981,26-09-2023,26-04-2024,5495000,2,3122,,Adam Gothelf NM,
424019932,130 Vasquez Ave,,37.744876,-122.460096,01-04-2024,25-04-2024,1995000,3,2070,1,Matt Ciganek,
424009350,4767 18th St,,37.759612,-122.444194,23-02-2024,25-04-2024,2295000,4,2600,,"Donna Solen, Esq.",
424015989,984 Moscow St,,37.713624,-122.433717,02-04-2024,25-04-2024,499000,3,1350,,Kirsten Melad,
424006289,6801 Geary Blvd,,37.779533,-122.49244,01-02-2024,25-04-2024,1499999,4,2434,,Stephen K. Lee,
424011931,66 Granada Ave,,37.719434,-122.456839,02-03-2024,25-04-2024,998000,3,1100,,Anthony Navarro,
424014815,5177 Diamond Heights Blvd,,37.745847,-122.439604,15-03-2024,25-04-2024,899000,2,1100,1,Christian Buckley,
424023641,629 Clayton St,,37.769289,-122.44881,12-04-2024,26-04-2024,1795000,3,1889,1,Christopher Smith,
424017509,450 Urbano Dr,,37.723658,-122.469758,28-03-2024,25-04-2024,1299900,2,1394,1,Timothy Fong,
423900160,570 Innes Ave,,37.728519,-122.369113,28-08-2023,24-04-2024,247219,1,558,,Robert Belli,
424017308,25 Caselli Ave,,37.75955,-122.439748,26-03-2024,24-04-2024,1595000,2,1345,1,Nick Cooper,
41051490,52 Kirkwood Ave,,37.727211,-122.36972,01-03-2024,25-04-2024,736000,2,1219,1,Bernadette Troncales Weir,
424021533,3870 Cesar Chavez St,,37.747983,-122.426379,05-04-2024,25-04-2024,1795000,2,1808,,Lamisse Droubi,
424020885,72 Molimo Dr,,37.737223,-122.447131,09-04-2024,25-04-2024,1195000,3,1400,1,Bill Kitchen,
ML81956068,930 Pine St,,37.791068,-122.411313,12-03-2024,24-04-2024,625000,1,738,1,Joan Zhao,
424009871,270 Linden St,,37.776693,-122.422404,08-03-2024,25-04-2024,949000,1,803,,Svetlana Shkolnikov,
424006845,201 Waller St,,37.771424,-122.427214,04-02-2024,25-04-2024,2650000,8,7500,5,Mark Bonn,
424016213,1238 26th Ave,,37.76435,-122.484376,21-03-2024,24-04-2024,1699000,4,2400,2,Craig Ackerman,
424014819,2200 Market St,,37.765789,-122.431598,22-03-2024,24-04-2024,925000,1,855,,Jean-Paul Samaha,
423740599,875 California St,,37.791788,-122.408791,10-05-2023,24-04-2024,1595000,2,1321,,Karen Kong,
424013982,4354 18th St,,37.760896,-122.43803,14-03-2024,25-04-2024,998888,2,,,Samantha Huang,
424019943,461 Anderson St,,37.737488,-122.415122,04-04-2024,24-04-2024,1295000,3,,1,Jessica Mussallem Rucker,
424013830,106 8th Ave,,37.786373,-122.46663,21-03-2024,24-04-2024,1300000,2,1209,,Courtney Banks,
424011923,1646 34th Ave,,37.756382,-122.492416,14-03-2024,24-04-2024,2380000,4,2440,1,Aimee J.J. Huang,
424010378,1580 Pacific Ave,,37.795361,-122.421303,22-02-2024,24-04-2024,1668000,2,1108,,Loring M. Aguillon-racine,
424002228,875 California St,,37.791788,-122.408791,12-01-2024,24-04-2024,1585000,2,1421,,Karen Kong,
424019131,579 Lakeview Ave,,37.718036,-122.455608,01-04-2024,24-04-2024,924000,2,803,1,Jennifer Bowman,
424019681,28 Harry St,,37.740219,-122.431212,02-04-2024,24-04-2024,1495000,3,1470,,Grant Edward Beggs,
424012423,34 Porter St,,37.734508,-122.418334,01-03-2024,24-04-2024,1495000,3,1488,1,Arrian Binnings | Payton & Binnings,
424016385,88 King St,,37.78063,-122.389625,15-03-2024,24-04-2024,1595000,2,1090,,James Testa,
424016758,235 Randall St,,37.739805,-122.428625,22-03-2024,24-04-2024,995000,2,,,Matt Fuller GRI,
424013660,370 Edinburgh St,,37.723363,-122.430737,22-03-2024,23-04-2024,998000,3,1295,1,Bobbi Levenson,
424018068,2008 Lyon St,,37.789557,-122.445563,22-03-2024,24-04-2024,5550000,5,3952,,David Bellings,
424012436,426 Guerrero St,,37.764217,-122.424431,01-03-2024,23-04-2024,1600000,3,2166,,Bill Kitchen,
424012263,680 47th Ave,,37.775599,-122.507783,04-04-2024,23-04-2024,1898000,3,2260,2,Norm Fung,
424017804,1550 22nd Ave,,37.758739,-122.47968,21-03-2024,23-04-2024,2468000,4,2480,1,Silvia Zeng,
424015804,85 Cleary Ct,,37.783611,-122.426715,15-03-2024,23-04-2024,899000,3,1304,1,John Randall Solaegui,
424016202,877 Union St,,37.799652,-122.41363,28-03-2024,24-04-2024,2200000,3,1970,1,Steven Mavromihalis,
424022113,21 Niagara Ave,,37.715805,-122.442322,07-04-2024,24-04-2024,799000,2,950,,jeret arnaz,
424013173,1331 Vicente St,,37.738816,-122.481349,07-03-2024,23-04-2024,2050000,4,,,Jason Chan,
424004569,1380 Greenwich St,,37.800961,-122.422447,26-01-2024,24-04-2024,1049000,2,1063,,Amanda Jones,
423927966,764 Cole St,,37.767473,-122.449956,12-02-2024,23-04-2024,899000,1,,,Harold Deblander,
424013905,21 Presidio Ter,,37.791418,-122.447953,18-03-2024,23-04-2024,8750000,5,6146,2,Neal Ward,
424016101,950 Tennessee St,,37.759748,-122.389882,15-03-2024,23-04-2024,1349000,2,1232,,Bradley Joe,
424018646,150 Santa Paula Ave,,37.7374,-122.463416,28-03-2024,23-04-2024,4795000,5,3585,,Andrew Herrera II,
ML81960147,706 25th Ave,,37.776059,-122.484159,04-04-2024,23-04-2024,1499000,4,1700,1,Cameron McIntosh,
424010967,181 Summit Way,,37.715266,-122.476642,23-02-2024,23-04-2024,1475000,3,2133,2,Hung Kwok,
424019591,280 Gates St,,37.739211,-122.414209,29-03-2024,23-04-2024,1395000,3,1399,,Lamisse Droubi,
423918204,351 Buena Vista Ave,,37.766884,-122.439603,21-10-2023,23-04-2024,1188000,2,1083,,Genie Mantzoros,
424003774,1219 York St,,37.752228,-122.407852,22-01-2024,23-04-2024,2598000,4,2463,,Paul Barbagelata,
424002829,260 King St,,37.777642,-122.393418,26-01-2024,23-04-2024,1159000,2,1286,,Charlene T. Gueco,
424014582,26 Mizpah St,,37.73677,-122.439113,04-04-2024,23-04-2024,2149000,4,2063,2,Timothy Fong,
ML81936409,99 Rausch St,,37.776371,-122.409161,27-07-2023,23-04-2024,750000,2,947,1,Ani Gregorians-Beddow,
424003271,1630 Sacramento St,,37.791866,-122.42009,18-01-2024,23-04-2024,715000,1,819,,Michael Campesino,
424004906,949 Fell St,,37.774315,-122.433375,26-01-2024,23-04-2024,1195000,3,1176,,Tim A. Brown,
ML81950937,403 Stoneridge Ln,,37.71023,-122.426265,09-01-2024,23-04-2024,748000,2,1190,1,"LEE,ZITA YAN",
424008295,701 Pennsylvania Ave,,37.757353,-122.392877,18-02-2024,23-04-2024,1149000,2,1165,,Peter J. Monti,
41048964,702 Moraga St,,37.756636,-122.470262,01-02-2024,23-04-2024,589000,1,552,,RAMA MEHRA,
423760526,2340 Filbert St,,37.797999,-122.438105,04-08-2023,23-04-2024,5750000,12,13407,12,Steven Caravelli,
424015705,1967 32nd Ave,,37.750506,-122.49051,14-03-2024,23-04-2024,1295000,3,1240,,Jason Chan,
423925230,120 Stonecrest Dr,,37.728392,-122.474368,15-03-2024,23-04-2024,2975000,4,3503,,Michael Barnacle,
424016586,2295 Vallejo St,,37.794985,-122.434746,18-03-2024,22-04-2024,849000,1,650,1,Charlene Attard,
424010280,1369 Sanchez St,,37.747215,-122.428955,22-04-2024,22-04-2024,4100000,5,3067,1,Dale T. Boutiette | DA Team Founder,
423920567,1001 Jamestown Ave,,37.71836,-122.3939,03-11-2023,22-04-2024,764900,3,,,"Anh Pham, Broker",
424005470,2155 Hayes St,,37.772928,-122.451793,02-02-2024,22-04-2024,1699000,3,1675,,Gillian S. Pontes,
424016609,1840 Washington St,,37.793212,-122.423745,18-03-2024,22-04-2024,1398000,2,985,1,Marie M. Randall,
424012634,542 Lyon St,,37.775931,-122.442783,09-03-2024,22-04-2024,3000000,8,,,Susan Getz,
424015128,240 Santa Paula Ave,,37.736069,-122.463187,22-03-2024,22-04-2024,2695000,3,2298,,Carol L. Solfanelli,
ML81955965,3167 Folsom St,,37.747361,-122.413316,11-03-2024,22-04-2024,999999,2,1100,1,Maria Afzal,
424017508,2247 24th Ave,,37.745633,-122.481576,21-03-2024,22-04-2024,1095000,2,1250,,Jason Chan,
424001523,25 St Francis Blvd,,37.735055,-122.470733,10-01-2024,22-04-2024,4850000,5,,,"Robert R. Wall, Jr.",
424016842,3650-3646 21st St,,37.756667,-122.429073,29-03-2024,22-04-2024,3328000,3,2105,,TIM HAWKO,
424011222,4042 26th St,,37.748544,-122.430372,08-03-2024,22-04-2024,1195000,3,1220,,Marcus Lee,
424023717,1580 Pacific Ave,,37.795361,-122.421303,18-04-2024,22-04-2024,3018000,3,1658,,Loring M. Aguillon-racine,
424006368,140 S Van Ness Ave,,37.771564,-122.4188,08-02-2024,22-04-2024,899000,2,1075,,John Lepage,
ML81958394,2595 Clay St,,37.790409,-122.435501,21-03-2024,22-04-2024,549000,0,475,1,Victoria Lam,
424004710,230 Flood Ave,,37.730145,-122.445046,25-01-2024,22-04-2024,1859000,4,2088,,Simon Lo,
424021154,775 41st Ave,,37.774124,-122.501824,05-04-2024,22-04-2024,1650000,4,2150,1,Allison O'Malley Daly,
424021539,3829 21st St,,37.755937,-122.433028,05-04-2024,22-04-2024,4495000,5,4004,,Stefano Dezerega,
424017057,1 Daniel Burnham Ct,,37.786755,-122.422491,21-03-2024,19-04-2024,849000,2,1131,1,Karen Dell'isola,
ML81949317,182 Leland Ave,,37.712631,-122.407005,07-12-2023,22-04-2024,798000,4,2670,1,Joel Diaz,
424010690,1144 Alabama St,,37.753575,-122.411326,08-03-2024,19-04-2024,1888000,3,1980,1,"Dan Risman Jones, Agent",
424013765,78 Cragmont Ave,,37.749737,-122.46713,20-03-2024,22-04-2024,1100000,0,1075,1,Maria Fong,
424002527,829 Folsom St,,37.781155,-122.401651,26-01-2024,22-04-2024,649000,1,812,,Charlene T. Gueco,
424008414,2001 McAllister St,,37.776381,-122.44569,15-02-2024,19-04-2024,1050000,2,994,,Joe DeChellis,
424018881,2525 Van Ness Ave,,37.798946,-122.424484,27-03-2024,22-04-2024,2150000,2,1387,,Frank Nolan,
ML81950883,1151 Sutter St,,37.787575,-122.419429,11-01-2024,22-04-2024,1199888,2,1250,1,Sarah Berkin,
424018069,254 Santa Paula Ave,,37.7359,-122.463592,03-04-2024,22-04-2024,4250000,4,3757,,Michael Minson,
424013851,723 Foerster St,,37.734275,-122.449236,22-03-2024,22-04-2024,1495000,3,1405,1,Paula Pagano,
424014504,101 Ney St,,37.730247,-122.428216,15-03-2024,19-04-2024,1000000,5,1419,,Janice Lee,
424016754,720 York St,,37.759826,-122.409203,19-03-2024,19-04-2024,699000,1,781,,Jae Ng,
424018577,2341 27th Ave,,37.743729,-122.484667,07-04-2024,22-04-2024,1900000,3,1957,,Todd Wiley,
423925793,10 Jennifer Pl,,37.780017,-122.40233,29-01-2024,19-04-2024,800000,1,1284,,Gary Demars,
